accuracy,precision,recall,f1_score
0.77797619,0.72894723,0.664781746,0.695408582
