accuracy,precision,recall,f1_score
0.6398809523809523,0.6442137831379157,0.6331349206349206,0.6262908513978445
