accuracy,precision,recall,f1_score
0.6815476190476191,0.6879429470724849,0.6813492063492063,0.6822666843028724
