accuracy,precision,recall,f1_score
0.8244047619047619,0.8337100076879533,0.8249007936507936,0.8238047983772162
